"","beta","se","W","p_val","q_val","diff_abn","genus","species","OGUs","diff_name_flag","diff_label"
"G000010125",0.740887134914358,0.241115862562396,3.07274323240608,0.00212100901987242,0.528131245948233,FALSE,"Staphylococcus","Staphylococcus saprophyticus","G000010125",0,""
"G000006765",0.53571704604847,0.238306422310981,2.24801766084751,0.0245750637883356,0.615263727425413,FALSE,"Pseudomonas","Pseudomonas aeruginosa","G000006765",0,""
"G000007145",0.521778041509251,0.229584996745828,2.27270095565917,0.0230442070341055,0.615263727425413,FALSE,"Xanthomonas","Xanthomonas campestris","G000007145",0,""
"G000160675",0.455452064836513,0.21784195153157,2.09074543096217,0.0365508901200583,0.615263727425413,FALSE,"Granulicatella","Granulicatella adiacens","G000160675",0,""
"G000184945",-0.177058792173978,0.0802814453004679,-2.20547589186148,0.0274207176965262,0.615263727425413,FALSE,"Prevotella","Prevotella buccae","G000184945",0,""
"G000193395",-0.245568865539134,0.121305892582891,-2.02437705465405,0.0429313707941142,0.615263727425413,FALSE,"Prevotella","Prevotella denticola","G000193395",0,""
"G000972575",0.592488634090486,0.265471018695511,2.23183923051901,0.0256255904609061,0.615263727425413,FALSE,"Staphylococcus","Staphylococcus cohnii","G000972575",0,""
"G001042655",0.67844674024827,0.319299208001532,2.12479932065793,0.0336033615474527,0.615263727425413,FALSE,"Gardnerella","Gardnerella vaginalis","G001042655",0,""
"G001045685",0.479985380623453,0.232929552658571,2.06064612731651,0.0393368126908221,0.615263727425413,FALSE,"Pseudomonas","Pseudomonas aeruginosa","G001045685",0,""
"G001267865",0.433242464813315,0.217049205673125,1.99605644015014,0.0459277797241024,0.615263727425413,FALSE,"Enterococcus","Enterococcus durans","G001267865",0,""
"G001432245",0.477038793031591,0.193237083131903,2.46867105060764,0.0135615820290936,0.615263727425413,FALSE,"Staphylococcus","Staphylococcus equorum","G001432245",0,""
"G001457555",0.355758858123594,0.164165372715496,2.16707611501078,0.030229050818663,0.615263727425413,FALSE,"Fusobacterium","Fusobacterium nucleatum","G001457555",0,""
"G002162055",0.3859173629116,0.194243553559729,1.98677050455078,0.0469478346228227,0.615263727425413,FALSE,"Lactobacillus","Lactobacillus salivarius","G002162055",0,""
"G002222615",-0.193922009996286,0.0968773268230919,-2.00172750792771,0.0453140462214592,0.615263727425413,FALSE,"Bacteroides","Bacteroides caccae","G002222615",0,""
"G003385395",0.384557838440295,0.154372371179072,2.49110534160421,0.0127346356783402,0.615263727425413,FALSE,"Chryseobacterium","Chryseobacterium hispanicum","G003385395",0,""
"G007814385",0.914710079015725,0.429333287196195,2.13053612728082,0.0331273764675234,0.615263727425413,FALSE,"Staphylococcus","Staphylococcus caprae","G007814385",0,""
"G900106065",0.415227923063884,0.188949413782936,2.19756131945927,0.0279803822254963,0.615263727425413,FALSE,"Pseudomonas","Pseudomonas mandelii","G900106065",0,""
"G900221005",0.272922416733162,0.121318675129624,2.24963235414132,0.0244722928679257,0.615263727425413,FALSE,"Blastococcus","Blastococcus aggregatus","G900221005",0,""
"G900474615",0.416209112648723,0.180560147275381,2.30509954122901,0.0211609991896261,0.615263727425413,FALSE,"Staphylococcus","Staphylococcus sciuri","G900474615",0,""
"G000009865",0.646835281362078,0.331466439156352,1.95143521319504,0.0510052960347013,0.635015935632031,FALSE,"Staphylococcus","Staphylococcus haemolyticus","G000009865",0,""
"G000008445",0.112585067497248,0.0640294493526232,1.75833258969976,0.0786909356380322,0.646528102461922,FALSE,"Bacillus","Bacillus anthracis","G000008445",0,""
"G000009045",0.197842501045833,0.11806474279558,1.67571195567149,0.0937946268704375,0.646528102461922,FALSE,"Bacillus","Bacillus subtilis","G000009045",0,""
"G000156535",-0.169504417748617,0.094248974727587,-1.79847492493732,0.0721017787979722,0.646528102461922,FALSE,"Roseburia","Roseburia intestinalis","G000156535",0,""
"G000295715",0.28635796155985,0.171427452129552,1.67043234909331,0.0948338538071372,0.646528102461922,FALSE,"Staphylococcus","Staphylococcus arlettae","G000295715",0,""
"G000463425",-0.168124144183561,0.101023386047718,-1.6642101473826,0.0960704409280768,0.646528102461922,FALSE,"Streptococcus","Streptococcus constellatus","G000463425",0,""
"G000488855",-0.249209575753621,0.137548349391557,-1.81179619280053,0.0700176936121873,0.646528102461922,FALSE,"other","[Eubacterium] brachy","G000488855",0,""
"G000615285",-0.126683227155519,0.0712187080657717,-1.77879142427753,0.0752739636778913,0.646528102461922,FALSE,"Lactobacillus","Lactobacillus kitasatonis","G000615285",0,""
"G001190745",-0.11657490859761,0.0694723700010484,-1.67800391142335,0.0933463354327534,0.646528102461922,FALSE,"Campylobacter","Campylobacter gracilis","G001190745",0,""
"G001558875",-0.140295769558844,0.0803639463246562,-1.74575510505761,0.0808535151979073,0.646528102461922,FALSE,"Enterococcus","Enterococcus gallinarum","G001558875",0,""
"G001571065",0.221824949501054,0.128002901964513,1.73296812882064,0.0831013337192953,0.646528102461922,FALSE,"Dietzia","Dietzia cinnamea","G001571065",0,""
"G001720945",0.354830481756233,0.192455876084398,1.84369783337053,0.0652271889685034,0.646528102461922,FALSE,"Enterococcus","Enterococcus faecium","G001720945",0,""
"G002156805",0.267814136140426,0.15480664429494,1.72999122460263,0.0836318430976304,0.646528102461922,FALSE,"Corynebacterium","Corynebacterium striatum","G002156805",0,""
"G003814515",0.135724719755344,0.077159003140201,1.75902635119232,0.0785730328823628,0.646528102461922,FALSE,"Salinicoccus","Salinicoccus roseus","G003814515",0,""
"G006151785",0.23322855474631,0.129590584943889,1.79973379121096,0.0719026827499823,0.646528102461922,FALSE,"Paracoccus","Paracoccus marcusii","G006151785",0,""
"G007990425",0.126515297429224,0.0724745721397146,1.74565083579011,0.0808716429835855,0.646528102461922,FALSE,"Leptotrichia","Leptotrichia trevisanii","G007990425",0,""
"G009937745",0.185334584852277,0.108712152240358,1.70481938801569,0.0882281144237823,0.646528102461922,FALSE,"Bacillus","Bacillus subtilis","G009937745",0,""
"G900458355",0.549185235623281,0.286232256915958,1.91866996941763,0.055026114364865,0.646528102461922,FALSE,"Staphylococcus","Staphylococcus devriesei","G900458355",0,""
"G900119835",-0.105259647450401,0.0648748920362178,-1.62250208280327,0.104695887509584,0.686033578681221,FALSE,"Lactococcus","Lactococcus chungangensis","G900119835",0,""
"G000011025",0.438147192615432,0.277825712508255,1.57705774839834,0.114782237969006,0.732840442417502,FALSE,"Rothia","Rothia mucilaginosa","G000011025",0,""
"G000016565",-0.11823485041601,0.0773724147457288,-1.52812666897587,0.126481091161836,0.762680273978738,FALSE,"Pseudomonas","Pseudomonas mendocina","G000016565",0,""
"G000020225",-0.143650225549552,0.0945398480839153,-1.51946748869372,0.12864486549039,0.762680273978738,FALSE,"Akkermansia","Akkermansia muciniphila","G000020225",0,""
"G000023285",0.196653044202243,0.128927929307688,1.52529436607121,0.127185692381553,0.762680273978738,FALSE,"Capnocytophaga","Capnocytophaga ochracea","G000023285",0,""
"G000022905",0.27899931996412,0.187573224047889,1.4874154953635,0.136905106854852,0.764012866747795,FALSE,"Corynebacterium","Corynebacterium aurimucosum","G000022905",0,""
"G000025085",0.42239408959658,0.285163384140541,1.48123536571724,0.138543865153202,0.764012866747795,FALSE,"Staphylococcus","Staphylococcus lugdunensis","G000025085",0,""
"G000092265",0.294124683861735,0.202316349654864,1.45378603540193,0.146005636293729,0.764012866747795,FALSE,"Moraxella","Moraxella catarrhalis","G000092265",0,""
"G000144405",0.320779011646551,0.217832609488851,1.47259408221417,0.140860521455604,0.764012866747795,FALSE,"Prevotella","Prevotella melaninogenica","G000144405",0,""
"G000162015",-0.139167715664638,0.096885394477776,-1.43641584384075,0.150884047404316,0.764012866747795,FALSE,"Faecalibacterium","Faecalibacterium prausnitzii","G000162015",0,""
"G001298465",-0.104589089071733,0.0730292858031181,-1.43215270314566,0.152100124156749,0.764012866747795,FALSE,"Campylobacter","Campylobacter concisus","G001298465",0,""
"G001405615",-0.182688493859076,0.127113730020714,-1.43720504330496,0.150659740405302,0.764012866747795,FALSE,"Roseburia","Roseburia faecis","G001405615",0,""
"G900636445",0.3049207679099,0.213594565647667,1.42756800476319,0.15341623830277,0.764012866747795,FALSE,"Streptococcus","Streptococcus vestibularis","G900636445",0,""
"G000164675",0.297363114854789,0.235633319894451,1.26197396441212,0.206958155012623,0.837812259278493,FALSE,"Streptococcus","Streptococcus parasanguinis","G000164675",0,""
"G000315445",0.421436934030856,0.319876542490917,1.31749871606425,0.187671511159681,0.837812259278493,FALSE,"Alloiococcus","Alloiococcus otitis","G000315445",0,""
"G001025175",0.145667034820711,0.113360276995432,1.2849918744163,0.198795123504523,0.837812259278493,FALSE,"Bifidobacterium","Bifidobacterium breve","G001025175",0,""
"G001457635",0.248293500900339,0.195542532028573,1.26976723848527,0.204167553843427,0.837812259278493,FALSE,"Streptococcus","Streptococcus pneumoniae","G001457635",0,""
"G001556105",-0.0943622012865288,0.0748072131394388,-1.26140511491372,0.207162926427021,0.837812259278493,FALSE,"Pseudoxanthomonas","Pseudoxanthomonas mexicana","G001556105",0,""
"G001586195",0.0986227708519675,0.0769866725944807,1.28103693182653,0.20018069429025,0.837812259278493,FALSE,"Solibacillus","Solibacillus silvestris","G001586195",0,""
"G001586215",0.305830391399808,0.230609273482852,1.3261842716943,0.184778667735554,0.837812259278493,FALSE,"Corynebacterium","Corynebacterium simulans","G001586215",0,""
"G003047065",-0.0812496820924828,0.0640961129239608,-1.26762261213674,0.204932752878935,0.837812259278493,FALSE,"Lactobacillus","Lactobacillus acidophilus","G003047065",0,""
"G007666555",0.242159401083864,0.185007468799407,1.30891689214139,0.19056250395689,0.837812259278493,FALSE,"Corynebacterium","Corynebacterium singulare","G007666555",0,""
"G007990405",0.19273504801016,0.145740306270706,1.32245535186514,0.186016567498227,0.837812259278493,FALSE,"Leptotrichia","Leptotrichia wadei","G007990405",0,""
"G900475095",0.235973555458464,0.187669112004158,1.2573915490858,0.208611887852476,0.837812259278493,FALSE,"Streptococcus","Streptococcus mutans","G900475095",0,""
"G900476005",-0.142847804013639,0.111119569874527,-1.28553236999512,0.198606312648695,0.837812259278493,FALSE,"Aeromonas","Aeromonas caviae","G900476005",0,""
"G006546965",-0.100163211034013,0.0813103422050631,-1.23186311012446,0.218000223648606,0.861619931563536,FALSE,"Bacteroides","Bacteroides xylanisolvens","G006546965",0,""
"G000014425",-0.0820774674985632,0.0700157280650505,-1.17227185615075,0.241087927181298,0.90955899800217,FALSE,"Lactobacillus","Lactobacillus gasseri","G000014425",0,""
"G000014445",-0.0838209857340555,0.0714913696226625,-1.17246300044984,0.241011218522799,0.90955899800217,FALSE,"Leuconostoc","Leuconostoc mesenteroides","G000014445",0,""
"G900476055",0.267805088740098,0.226604958693271,1.18181477706582,0.23727920312594,0.90955899800217,FALSE,"Streptococcus","Streptococcus australis","G900476055",0,""
"G000014805",-0.0752115120735105,0.0709827875064841,-1.05957394342453,0.28933847296252,0.940256530301941,FALSE,"Aeromonas","Aeromonas hydrophila","G000014805",0,""
"G000016585",-0.119300954680582,0.122000194539997,-0.977875118399666,0.328136092601294,0.940256530301941,FALSE,"Shewanella","Shewanella putrefaciens","G000016585",0,""
"G000147675",-0.092909642786373,0.0931323229000287,-0.997608992165966,0.318468998984362,0.940256530301941,FALSE,"Peptostreptococcus","Peptostreptococcus stomatis","G000147675",0,""
"G000160875",0.279613124658119,0.284938471222604,0.981310538581765,0.326439627363274,0.940256530301941,FALSE,"Lactobacillus","Lactobacillus iners","G000160875",0,""
"G000177075",0.197104776962258,0.182688353763864,1.07891265590486,0.280626666434443,0.940256530301941,FALSE,"Prevotella","Prevotella buccalis","G000177075",0,""
"G000187465",0.258154168175749,0.252918525976523,1.02070090428928,0.307396165964731,0.940256530301941,FALSE,"Streptococcus","Streptococcus infantis","G000187465",0,""
"G000187585",0.134104466061241,0.141069262268066,0.950628534559213,0.341792978173966,0.940256530301941,FALSE,"Streptococcus","Streptococcus peroris","G000187585",0,""
"G000286435",-0.123290125987469,0.127499291372012,-0.966986754677238,0.33355065511783,0.940256530301941,FALSE,"Morganella","Morganella morganii","G000286435",0,""
"G000318135",0.183638709324234,0.174848156281772,1.05027535450986,0.293591532884451,0.940256530301941,FALSE,"Corynebacterium","Corynebacterium durum","G000318135",0,""
"G000368825",0.233214020300706,0.21682897691618,1.07556666833723,0.282121101068838,0.940256530301941,FALSE,"Acinetobacter","Acinetobacter ursingii","G000368825",0,""
"G000429225",-0.16282649273775,0.166188614319023,-0.979769242345211,0.327200037893325,0.940256530301941,FALSE,"Actinomyces","Actinomyces dentalis","G000429225",0,""
"G000463505",-0.110483900027244,0.11210076177609,-0.985576710423469,0.324340871250265,0.940256530301941,FALSE,"Streptococcus","Streptococcus anginosus","G000463505",0,""
"G000494875",0.333269000534777,0.323673843590703,1.02964452375153,0.303176906462406,0.940256530301941,FALSE,"Staphylococcus","Staphylococcus pasteuri","G000494875",0,""
"G001314305",-0.109708953172557,0.114831926155938,-0.955387206721374,0.339381921195074,0.940256530301941,FALSE,"Stenotrophomonas","Stenotrophomonas acidaminiphila","G001314305",0,""
"G001439685",0.153436131516172,0.137943253520953,1.11231341584144,0.266003417579874,0.940256530301941,FALSE,"Pseudomonas","Pseudomonas libanensis","G001439685",0,""
"G001646675",-0.0657791355675658,0.0676689044897807,-0.972073304031393,0.33101408196437,0.940256530301941,FALSE,"Rhodococcus","Rhodococcus corynebacterioides","G001646675",0,""
"G001936175",0.220532619850963,0.223875069590373,0.985070022555323,0.324589677069075,0.940256530301941,FALSE,"Methylobacterium","Methylobacterium phyllosphaerae","G001936175",0,""
"G001941345",0.109750852360438,0.105096640481825,1.04428506807901,0.296353519200881,0.940256530301941,FALSE,"Corynebacterium","Corynebacterium stationis","G001941345",0,""
"G002024265",0.0771606814511855,0.0819273449674321,0.941818406075024,0.346285619982173,0.940256530301941,FALSE,"Bacillus","Bacillus flexus","G002024265",0,""
"G002302615",0.195529149354629,0.177251773497763,1.10311533417236,0.269977082519543,0.940256530301941,FALSE,"Capnocytophaga","Capnocytophaga leadbetteri","G002302615",0,""
"G002310475",-0.0770235587759165,0.0760097762610947,-1.01333752794298,0.310898968078734,0.940256530301941,FALSE,"Lactococcus","Lactococcus raffinolactis","G002310475",0,""
"G006742345",-0.103631719504514,0.100572395083054,-1.03041912662946,0.302813298467272,0.940256530301941,FALSE,"Bacteroides","Bacteroides uniformis","G006742345",0,""
"G900106025",0.0956408122855358,0.084512725038948,1.13167351119561,0.257771721890843,0.940256530301941,FALSE,"Pseudomonas","Pseudomonas migulae","G900106025",0,""
"G900478045",0.129984804980774,0.138335193928367,0.93963655444097,0.347404019228026,0.940256530301941,FALSE,"Corynebacterium","Corynebacterium minutissimum","G900478045",0,""
"G900636385",0.345016494437047,0.330851913117256,1.04281245100363,0.297035163569968,0.940256530301941,FALSE,"Staphylococcus","Staphylococcus warneri","G900636385",0,""
"G900637515",-0.154629850624952,0.152318306048656,-1.01517575028413,0.31002205782746,0.940256530301941,FALSE,"Veillonella","Veillonella dispar","G900637515",0,""
"G000013285",0.0571259349936193,0.0803729536749045,0.710760677337857,0.477232551919665,0.943651985778197,FALSE,"Clostridium","Clostridium perfringens","G000013285",0,""
"G000013425",0.219885862960071,0.312396703391804,0.703867424248369,0.481515339900377,0.943651985778197,FALSE,"Staphylococcus","Staphylococcus aureus","G000013425",0,""
"G000020425",-0.0930048662737618,0.123975432237655,-0.750187876703471,0.453141559310021,0.943651985778197,FALSE,"Bifidobacterium","Bifidobacterium longum","G000020425",0,""
"G000025985",-0.0687313049184905,0.076083037513637,-0.903372251747588,0.366328361785098,0.943651985778197,FALSE,"Bacteroides","Bacteroides fragilis","G000025985",0,""
"G000153925",0.0776731334235041,0.0914855486932291,0.849020796540872,0.395869720306806,0.943651985778197,FALSE,"Mediterraneibacter","[Ruminococcus] torques","G000153925",0,""
"G000154065",0.0757266028760068,0.0920708531880062,0.822481819750004,0.41080272956004,0.943651985778197,FALSE,"Dorea","Dorea longicatena","G000154065",0,""
"G000157935",0.111942602619203,0.125772394849933,0.890041115562517,0.373443809279485,0.943651985778197,FALSE,"Prevotella","Prevotella copri","G000157935",0,""
"G000158215",0.0866775748419362,0.121560137268138,0.713042752253085,0.475819302516541,0.943651985778197,FALSE,"Fusobacterium","Fusobacterium periodonticum","G000158215",0,""
"G000158615",-0.051940633561174,0.0710261121985783,-0.73128926747329,0.464602484598753,0.943651985778197,FALSE,"Eikenella","Eikenella corrodens","G000158615",0,""
"G000159115",-0.159408385971301,0.20174905479412,-0.790132008965164,0.429450678113805,0.943651985778197,FALSE,"Corynebacterium","Corynebacterium accolens","G000159115",0,""
"G000160435",-0.0903927306533313,0.13172630558534,-0.68621624398909,0.492576755853428,0.943651985778197,FALSE,"Kingella","Kingella oralis","G000160435",0,""
"G000169035",0.118076989811589,0.139676475603368,0.845360604221475,0.39790953331438,0.943651985778197,FALSE,"Collinsella","Collinsella aerofaciens","G000169035",0,""
"G000169235",0.0598879609316668,0.0810810814761862,0.738618181224632,0.460138880906682,0.943651985778197,FALSE,"Dorea","Dorea formicigenerans","G000169235",0,""
"G000210575",-0.0881550150489059,0.0994983980778012,-0.88599431500369,0.37562059066077,0.943651985778197,FALSE,"Alistipes","Alistipes shahii","G000210575",0,""
"G000220255",0.12581323662806,0.154734247338083,0.81309237478092,0.416165097970732,0.943651985778197,FALSE,"Prevotella","Prevotella pallens","G000220255",0,""
"G000381365",-0.0494580284801001,0.0704783023361201,-0.701748294733724,0.48283614900524,0.943651985778197,FALSE,"Bacteroides","Bacteroides salyersiae","G000381365",0,""
"G000455445",0.255337522940365,0.292418182314189,0.873193044699311,0.382557865269892,0.943651985778197,FALSE,"Prevotella","Prevotella timonensis","G000455445",0,""
"G000468115",0.074521209351426,0.110008868448189,0.677410925161215,0.498145268493007,0.943651985778197,FALSE,"Treponema","Treponema socranskii","G000468115",0,""
"G000485795",-0.0923564820324286,0.140718775140488,-0.656319541867983,0.511618546506251,0.943651985778197,FALSE,"Shewanella","Shewanella decolorationis","G000485795",0,""
"G000526735",0.101754714161007,0.122245849906744,0.832377657308044,0.405195809305679,0.943651985778197,FALSE,"Mediterraneibacter","[Ruminococcus] gnavus","G000526735",0,""
"G000701705",-0.0578213430430076,0.0840882127482929,-0.68762720901309,0.491687569319603,0.943651985778197,FALSE,"Bilophila","Bilophila wadsworthia","G000701705",0,""
"G000967305",-0.186500401657929,0.242052182835132,-0.770496673376247,0.441005327590838,0.943651985778197,FALSE,"Alcaligenes","Alcaligenes faecalis","G000967305",0,""
"G001314995",-0.057655021256789,0.0796412099159469,-0.723934522311225,0.46910593454217,0.943651985778197,FALSE,"Bacteroides","Bacteroides ovatus","G001314995",0,""
"G001318405",0.0866289316005595,0.11867449736702,0.729970916435782,0.465407962259323,0.943651985778197,FALSE,"Enterococcus","Enterococcus cecorum","G001318405",0,""
"G001457475",-0.0733587985622917,0.0824530246436733,-0.889704154326867,0.373624762742745,0.943651985778197,FALSE,"Achromobacter","Achromobacter xylosoxidans","G001457475",0,""
"G001688625",-0.0518295774005195,0.0716030117558868,-0.723846331732804,0.469160081408885,0.943651985778197,FALSE,"Flavonifractor","Flavonifractor plautii","G001688625",0,""
"G001709315",0.0869204923884186,0.131245745180399,0.662272839922888,0.507796379886488,0.943651985778197,FALSE,"Pantoea","Pantoea agglomerans","G001709315",0,""
"G001717505",-0.0581785583012997,0.0761156815709626,-0.764343918369303,0.444662319745313,0.943651985778197,FALSE,"Dialister","Dialister pneumosintes","G001717505",0,""
"G002355935",0.14505146280656,0.207971460193131,0.697458500660903,0.485515901744938,0.943651985778197,FALSE,"Rothia","Rothia aeria","G002355935",0,""
"G002813455",0.089834072572581,0.108982465690497,0.824298404366297,0.409770025029877,0.943651985778197,FALSE,"Pseudomonas","Pseudomonas baetica","G002813455",0,""
"G003143515",-0.0738843903053451,0.0914367013328752,-0.808038667497082,0.419068322830898,0.943651985778197,FALSE,"Massilia","Massilia oculi","G003143515",0,""
"G003851835",-0.0601643589516867,0.0756350615360273,-0.79545593974335,0.426348330981823,0.943651985778197,FALSE,"Pseudomonas","Pseudomonas chlororaphis","G003851835",0,""
"G007018965",0.071222715483991,0.0794932641444916,0.895959126229016,0.370274593718468,0.943651985778197,FALSE,"Paracoccus","Paracoccus marinus","G007018965",0,""
"G007989805",0.042047790789047,0.0640385367474133,0.656601367312556,0.511437269484226,0.943651985778197,FALSE,"Cellulomonas","Cellulomonas xylanilytica","G007989805",0,""
"G009362935",-0.0573168842303462,0.0697456777725134,-0.821798368886662,0.411191662227593,0.943651985778197,FALSE,"Lactobacillus","Lactobacillus vaginalis","G009362935",0,""
"G900101355",0.042047790789047,0.0640385367474133,0.656601367312556,0.511437269484226,0.943651985778197,FALSE,"Ruminococcus","Ruminococcus bromii","G900101355",0,""
"G900111835",0.0680857429701562,0.0903088889404342,0.753920724404705,0.450896825462345,0.943651985778197,FALSE,"Pseudomonas","Pseudomonas otitidis","G900111835",0,""
"G900113905",0.0596767085328801,0.0771589053031195,0.773426065318573,0.439270268973098,0.943651985778197,FALSE,"Pseudomonas","Pseudomonas argentinensis","G900113905",0,""
"G900184295",-0.0494580284801001,0.0730111503532471,-0.677403769709273,0.498149807203165,0.943651985778197,FALSE,"Pseudomonas","Pseudomonas viridiflava","G900184295",0,""
"G900445495",-0.0723233201227726,0.0939097772311677,-0.770136212172477,0.441219097290824,0.943651985778197,FALSE,"Parabacteroides","Parabacteroides merdae","G900445495",0,""
"G900475445",0.157376433415611,0.173205138941503,0.908612956736589,0.363554464836966,0.943651985778197,FALSE,"Streptococcus","Streptococcus cristatus","G900475445",0,""
"G900637025",-0.169263451794179,0.250378603321977,-0.676030018333927,0.499021586449759,0.943651985778197,FALSE,"Streptococcus","Streptococcus oralis","G900637025",0,""
"G900638055",0.143357357017562,0.16532217778939,0.867139296944116,0.385865691475194,0.943651985778197,FALSE,"Gemella","Gemella haemolysans","G900638055",0,""
"G000246835",0.0631948027216647,0.0999889982569787,0.632017560164466,0.527375402759703,0.948069769102577,FALSE,"Streptococcus","Streptococcus infantarius","G000246835",0,""
"G001025195",-0.0630612621306361,0.0992337426597113,-0.635482049154223,0.525114070613805,0.948069769102577,FALSE,"Bifidobacterium","Bifidobacterium catenulatum","G001025195",0,""
"G001027105",0.197616581392185,0.317020939691163,0.623354979594408,0.533051275800646,0.948069769102577,FALSE,"Staphylococcus","Staphylococcus aureus","G001027105",0,""
"G001042595",0.0632293758886537,0.100992772660658,0.626078225430136,0.531263633621785,0.948069769102577,FALSE,"Bifidobacterium","Bifidobacterium dentium","G001042595",0,""
"G900447295",-0.100458912037409,0.155731970417868,-0.645075714176429,0.518878121141667,0.948069769102577,FALSE,"Empedobacter","Empedobacter falsenii","G900447295",0,""
"G000648515",-0.0849454514030692,0.138211157785672,-0.614606322412815,0.538814738058589,0.951523899124742,FALSE,"Citrobacter","Citrobacter freundii","G000648515",0,""
"G000212375",0.0941920805740584,0.156773712002076,0.600815528134022,0.547962860435311,0.954145120618129,FALSE,"Porphyromonas","Porphyromonas asaccharolytica","G000212375",0,""
"G001866515",0.0837212013548861,0.138853327929617,0.602947027652971,0.546543929505373,0.954145120618129,FALSE,"Massilia","Massilia timonae","G001866515",0,""
"G001514355",-0.0367824242786956,0.0619019689108969,-0.594204432037388,0.552375388808312,0.955149109814372,FALSE,"Achromobacter","Achromobacter denitrificans","G001514355",0,""
"G900476035",-0.0551137078198913,0.0939630616167882,-0.586546530855528,0.557508302145902,0.957376325753998,FALSE,"Aggregatibacter","Aggregatibacter segnis","G900476035",0,""
"G000017005",0.131443290812076,0.234954563854297,0.559441317741708,0.575860569758747,0.958299953210458,FALSE,"Streptococcus","Streptococcus gordonii","G000017005",0,""
"G000225345",-0.0448439323322196,0.0804593658210256,-0.557348816693022,0.577289128440035,0.958299953210458,FALSE,"Roseburia","Roseburia hominis","G000225345",0,""
"G000969835",-0.0432201037399747,0.0770731688616954,-0.560767182383942,0.574956261499156,0.958299953210458,FALSE,"Parabacteroides","Parabacteroides goldsteinii","G000969835",0,""
"G004771295",0.042047790789047,0.0736756928051675,0.570714562538838,0.568193145759377,0.958299953210458,FALSE,"Weissella","Weissella confusa","G004771295",0,""
"G900105475",-0.0422697311085222,0.0737319443835704,-0.573289250160357,0.566448862754413,0.958299953210458,FALSE,"Pseudomonas","Pseudomonas asplenii","G900105475",0,""
"G000011065",-0.0481187221871078,0.103471490686977,-0.465043287456609,0.641900457778869,0.959538144469177,FALSE,"Bacteroides","Bacteroides thetaiotaomicron","G000011065",0,""
"G000012825",-0.0490176885437132,0.174205841925945,-0.281377983664582,0.778420502742064,0.959538144469177,FALSE,"Bacteroides","Bacteroides vulgatus","G000012825",0,""
"G000013905",-0.0325563009621293,0.0707777662283147,-0.459979209531836,0.645531143566394,0.959538144469177,FALSE,"Psychrobacter","Psychrobacter cryohalolentis","G000013905",0,""
"G000016765",0.0387361814655703,0.0791374314809955,0.489479892645652,0.624501986552161,0.959538144469177,FALSE,"Sphingomonas","Sphingomonas wittichii","G000016765",0,""
"G000023905",0.0387297717048019,0.0797517404361238,0.485629172391818,0.627230109137691,0.959538144469177,FALSE,"Leptotrichia","Leptotrichia buccalis","G000023905",0,""
"G000024265",-0.0263183762220035,0.0714180512983216,-0.368511542159959,0.712491840370573,0.959538144469177,FALSE,"Eggerthella","Eggerthella lenta","G000024265",0,""
"G000024945",0.102416704770136,0.243996752337574,0.419746180180469,0.674670885389535,0.959538144469177,FALSE,"Veillonella","Veillonella parvula","G000024945",0,""
"G000026405",-0.026452860067095,0.0729291327692708,-0.362720068957697,0.716814006417229,0.959538144469177,FALSE,"Leuconostoc","Leuconostoc citreum","G000026405",0,""
"G000056065",0.047703399383784,0.104514545986777,0.456428327113619,0.648081999662395,0.959538144469177,FALSE,"Lactobacillus","Lactobacillus delbrueckii","G000056065",0,""
"G000153905",-0.0445737316550821,0.113214395639425,-0.393710812157176,0.693794557857965,0.959538144469177,FALSE,"Blautia","Blautia obeum","G000153905",0,""
"G000154465",0.0402452107902768,0.137775347712465,0.292107488447556,0.770204441310445,0.959538144469177,FALSE,"Alistipes","Alistipes putredinis","G000154465",0,""
"G000155815",0.0884456561281997,0.208574996914642,0.424047260872768,0.671531346598582,0.959538144469177,FALSE,"Bacteroides","Bacteroides eggerthii","G000155815",0,""
"G000160095",-0.0616786825530109,0.170251756309626,-0.362279273294778,0.717143345232077,0.959538144469177,FALSE,"Hungatella","Hungatella hathewayi","G000160095",0,""
"G000160555",0.0409907174119039,0.141462399430764,0.289764047385369,0.771996754402709,0.959538144469177,FALSE,"Selenomonas","Selenomonas noxia","G000160555",0,""
"G000162475",0.083206630972791,0.181858205898516,0.457535751888059,0.647286011041352,0.959538144469177,FALSE,"Granulicatella","Granulicatella elegans","G000162475",0,""
"G000189595",-0.0249784988523315,0.0727532273624437,-0.34333183224839,0.731348835905654,0.959538144469177,FALSE,"Lachnoclostridium","[Clostridium] symbiosum","G000189595",0,""
"G000196535",-0.0193211945427112,0.0594494971672845,-0.32500181605142,0.745179697234091,0.959538144469177,FALSE,"Mobiluncus","Mobiluncus curtisii","G000196535",0,""
"G000213805",-0.0218924981842839,0.0705458334155997,-0.310330137505227,0.756309915246486,0.959538144469177,FALSE,"Pseudomonas","Pseudomonas fulva","G000213805",0,""
"G000220235",0.100249111779263,0.187578883601717,0.53443708510453,0.593039166969649,0.959538144469177,FALSE,"Prevotella","Prevotella nigrescens","G000220235",0,""
"G000220865",-0.0454482986680805,0.128492117358317,-0.353704955622624,0.723560008342039,0.959538144469177,FALSE,"Neisseria","Neisseria macacae","G000220865",0,""
"G000231275",-0.0235134291944042,0.0682903820085474,-0.344315385312402,0.730609115070325,0.959538144469177,FALSE,"Alistipes","Alistipes indistinctus","G000231275",0,""
"G000238075",-0.0230198823545685,0.0657784125914321,-0.349961050254456,0.72636792888006,0.959538144469177,FALSE,"Oribacterium","Oribacterium asaccharolyticum","G000238075",0,""
"G000240185",-0.0374079199209355,0.132615855465826,-0.282077280952089,0.777884253340097,0.959538144469177,FALSE,"Klebsiella","Klebsiella pneumoniae","G000240185",0,""
"G000260715",0.0313839880112016,0.0714005320004502,0.439548377748834,0.660264236153138,0.959538144469177,FALSE,"Bifidobacterium","Bifidobacterium animalis","G000260715",0,""
"G000269805",0.081838253916239,0.204917834590339,0.3993710653826,0.689619810702267,0.959538144469177,FALSE,"Actinomyces","Actinomyces massiliensis","G000269805",0,""
"G000269925",-0.0200804514818781,0.0669815763496805,-0.299790667467232,0.764336834389525,0.959538144469177,FALSE,"Lactococcus","Lactococcus garvieae","G000269925",0,""
"G000296465",-0.0326907848072206,0.0819630809888701,-0.39884768133179,0.690005441338026,0.959538144469177,FALSE,"Barnesiella","Barnesiella intestinihominis","G000296465",0,""
"G000338055",0.0543105191719376,0.139023934796951,0.390655891384889,0.696051606583222,0.959538144469177,FALSE,"Brachybacterium","Brachybacterium muris","G000338055",0,""
"G000420505",0.0333913457540497,0.118227644788936,0.282432639283825,0.777611790734692,0.959538144469177,FALSE,"Alloscardovia","Alloscardovia omnicolens","G000420505",0,""
"G000424025",-0.0218924981842838,0.0685869335738853,-0.319193424221249,0.74957984308426,0.959538144469177,FALSE,"Clostridium","Clostridium paraputrificum","G000424025",0,""
"G000468015",-0.0200804514818781,0.0688885886850288,-0.291491694998857,0.77067529468025,0.959538144469177,FALSE,"Ruminococcus","Ruminococcus callidus","G000468015",0,""
"G000513215",0.0610913166527591,0.117408555876791,0.520331045693711,0.602832861065428,0.959538144469177,FALSE,"Serratia","Serratia marcescens","G000513215",0,""
"G000517145",-0.0263183762220036,0.0635085127045339,-0.414407062946771,0.678576017209167,0.959538144469177,FALSE,"Mesorhizobium","Mesorhizobium loti","G000517145",0,""
"G000818035",-0.0542377522454056,0.139356179422045,-0.389202348043316,0.69712646663944,0.959538144469177,FALSE,"Neisseria","Neisseria elongata","G000818035",0,""
"G001025135",0.0437253536463616,0.0952203018513447,0.459202006255183,0.64608910999542,0.959538144469177,FALSE,"Bifidobacterium","Bifidobacterium bifidum","G001025135",0,""
"G001481655",0.0383491029771896,0.0867042177269627,0.442298010206994,0.658273570636589,0.959538144469177,FALSE,"Myroides","Myroides odoratimimus","G001481655",0,""
"G001521715",-0.0496591519901787,0.132088029475953,-0.375954976292679,0.706950368320995,0.959538144469177,FALSE,"Enterobacter","Enterobacter asburiae","G001521715",0,""
"G001553935",0.132893852137059,0.258744410617986,0.513610523294609,0.607524320724015,0.959538144469177,FALSE,"Actinomyces","Actinomyces oris","G001553935",0,""
"G001571305",-0.0281729506181507,0.0775261221836746,-0.363399455881509,0.716306508176694,0.959538144469177,FALSE,"Erwinia","Erwinia persicina","G001571305",0,""
"G001640865",0.0722708423176791,0.153668700078485,0.470302945757772,0.638138593182836,0.959538144469177,FALSE,"Bacteroides","Bacteroides dorei","G001640865",0,""
"G001998765",-0.0350414077593381,0.109767207796724,-0.319233844630818,0.749549194244112,0.959538144469177,FALSE,"Anaerostipes","Anaerostipes hadrus","G001998765",0,""
"G002095305",0.0651416964958856,0.133442563890761,0.488162806503118,0.625434527016716,0.959538144469177,FALSE,"Pantoea","Pantoea brenneri","G002095305",0,""
"G002208805",0.101452855633662,0.213341631799215,0.475541762655793,0.634400873656885,0.959538144469177,FALSE,"Staphylococcus","Staphylococcus pettenkoferi","G002208805",0,""
"G002847985",0.0461668015460712,0.138882733556039,0.33241570326266,0.73957538259745,0.959538144469177,FALSE,"Neisseria","Neisseria perflava","G002847985",0,""
"G003434235",-0.0157890572892495,0.0558963029301429,-0.282470511671981,0.777582754587667,0.959538144469177,FALSE,"Coprococcus","Coprococcus catus","G003434235",0,""
"G003755025",-0.13804039314678,0.252383107700576,-0.546947830242861,0.584414574158008,0.959538144469177,FALSE,"Diaphorobacter","Diaphorobacter nitroreducens","G003755025",0,""
"G008801715",0.0500260059157993,0.106493299753968,0.469757308970375,0.63852841821665,0.959538144469177,FALSE,"Pseudochrobactrum","Pseudochrobactrum saccharolyticum","G008801715",0,""
"G009730475",0.0260964359025283,0.0669148646182433,0.389994600622916,0.696540539530609,0.959538144469177,FALSE,"Corynebacterium","Corynebacterium xerosis","G009730475",0,""
"G900100535",0.0276853001993441,0.0716461208355272,0.386417294844187,0.699187643516441,0.959538144469177,FALSE,"Pseudomonas","Pseudomonas flavescens","G900100535",0,""
"G900102885",0.0488880400394297,0.130642796471075,0.37421152455393,0.708246950516813,0.959538144469177,FALSE,"Paracoccus","Paracoccus chinensis","G900102885",0,""
"G900115825",-0.0297513539345299,0.0666688775576886,-0.44625550968345,0.655412689736721,0.959538144469177,FALSE,"Desemzia","Desemzia incerta","G900115825",0,""
"G901472535",-0.0381819900972452,0.096014081449022,-0.397670732469775,0.690872914053509,0.959538144469177,FALSE,"Sphingobacterium","Sphingobacterium daejeonense","G901472535",0,""
"G000154425",-0.0165162475151119,0.0637187016199681,-0.259205650699198,0.795476571439976,0.963650508369565,FALSE,"Coprococcus","Coprococcus eutactus","G000154425",0,""
"G000425845",0.0170535641348034,0.063164238186842,0.269987648459535,0.787169755972618,0.963650508369565,FALSE,"Jeotgalicoccus","Jeotgalicoccus psychrophilus","G000425845",0,""
"G000463355",-0.0412304003723563,0.160476644355554,-0.256924616899428,0.797236966763576,0.963650508369565,FALSE,"Streptococcus","Streptococcus intermedius","G000463355",0,""
"G000482365",0.0412162745466846,0.156771536411986,0.26290661870131,0.792622554740108,0.963650508369565,FALSE,"Porphyromonas","Porphyromonas uenonis","G000482365",0,""
"G000177375",0.0172872075208301,0.0694202767018365,0.249022451971482,0.803343414206825,0.965166047963416,FALSE,"Bulleidia","Bulleidia extructa","G000177375",0,""
"G000935585",-0.0387276796901412,0.159475002415307,-0.242844828992609,0.808125606317202,0.965166047963416,FALSE,"Acidovorax","Acidovorax temperans","G000935585",0,""
"G000975175",-0.0381149842334903,0.158632559691006,-0.2402721377486,0.810119293270498,0.965166047963416,FALSE,"Rhodococcus","Rhodococcus erythropolis","G000975175",0,""
"G000010425",0.0260437683418578,0.179419482459133,0.145155743316726,0.884587907486577,0.979944608113658,FALSE,"Bifidobacterium","Bifidobacterium adolescentis","G000010425",0,""
"G000025565",0.00734923207101971,0.120744040896804,0.0608662093502476,0.951465760562644,0.979944608113658,FALSE,"Enterobacter","Enterobacter cloacae","G000025565",0,""
"G000155875",-0.0369253768465798,0.193928010988642,-0.190407650026084,0.848989703481044,0.979944608113658,FALSE,"Coprococcus","Coprococcus comes","G000155875",0,""
"G000164695",0.0266072388064781,0.252388478933361,0.105421764570733,0.91604114666136,0.979944608113658,FALSE,"Rothia","Rothia dentocariosa","G000164695",0,""
"G000174195",0.0104879196777627,0.105291168129971,0.099608731330784,0.920654961705075,0.979944608113658,FALSE,"Roseburia","Roseburia inulinivorans","G000174195",0,""
"G000235885",0.0146820152143841,0.0920552041885919,0.159491419782257,0.873281717814572,0.979944608113658,FALSE,"Prevotella","Prevotella stercorea","G000235885",0,""
"G000238915",-0.00499077066631297,0.0666718840797174,-0.0748557016979702,0.940329522544695,0.979944608113658,FALSE,"Arthrobacter","Arthrobacter globiformis","G000238915",0,""
"G000255535",0.0147791504618421,0.143482278306976,0.103003316062647,0.91796033911735,0.979944608113658,FALSE,"Rahnella","Rahnella aquatilis","G000255535",0,""
"G000265365",-0.00499077066631303,0.0677407646956154,-0.0736745545867164,0.941269346248328,0.979944608113658,FALSE,"Alistipes","Alistipes finegoldii","G000265365",0,""
"G000369005",0.0164763586515486,0.109247859895432,0.150816305850926,0.880120623187151,0.979944608113658,FALSE,"Acinetobacter","Acinetobacter beijerinckii","G000369005",0,""
"G000411515",-0.00499077066631303,0.0653983593733254,-0.0763133924785987,0.939169771258216,0.979944608113658,FALSE,"Sutterella","Sutterella wadsworthensis","G000411515",0,""
"G000426585",0.0151253676431091,0.0855056333538872,0.176893229718665,0.859592256662652,0.979944608113658,FALSE,"Prevotella","Prevotella baroniae","G000426585",0,""
"G000800295",-0.010682608205039,0.146148348692972,-0.0730942792072249,0.941731094013966,0.979944608113658,FALSE,"Parvimonas","Parvimonas micra","G000800295",0,""
"G000818015",0.00724343161954079,0.117773485767499,0.0615030757758186,0.950958564930756,0.979944608113658,FALSE,"Pseudomonas","Pseudomonas balearica","G000818015",0,""
"G000829055",-0.00499077066631303,0.0654944494110023,-0.0762014294523504,0.939258845459483,0.979944608113658,FALSE,"Lactobacillus","Lactobacillus casei","G000829055",0,""
"G000972745",-0.00464621987167341,0.0829158676505464,-0.0560353525003822,0.955313644170699,0.979944608113658,FALSE,"Xanthomonas","Xanthomonas arboricola","G000972745",0,""
"G001022195",0.00920430116577167,0.122256662694852,0.0752867039135959,0.939986600197792,0.979944608113658,FALSE,"Klebsiella","Klebsiella oxytoca","G001022195",0,""
"G001025215",-0.0184086301670314,0.114884348580245,-0.160236188780521,0.872695023158331,0.979944608113658,FALSE,"Bifidobacterium","Bifidobacterium pseudocatenulatum","G001025215",0,""
"G001190755",0.0166133410409536,0.115543498009326,0.143784300520421,0.885670800416372,0.979944608113658,FALSE,"Campylobacter","Campylobacter ureolyticus","G001190755",0,""
"G001597285",-0.0264034625416111,0.121622495820539,-0.2170935760155,0.828135420188477,0.979944608113658,FALSE,"Pseudomonas","Pseudomonas alcaligenes","G001597285",0,""
"G001956585",0.0311786697289432,0.193076834511235,0.161483224063987,0.871712823209389,0.979944608113658,FALSE,"Actinomyces","Actinomyces naeslundii","G001956585",0,""
"G002302415",0.0297345668372947,0.154527711364517,0.192422230127731,0.847411480636272,0.979944608113658,FALSE,"Capnocytophaga","Capnocytophaga gingivalis","G002302415",0,""
"G003550135",-0.00499077066631305,0.0672040787884815,-0.0742629131487842,0.940801186533969,0.979944608113658,FALSE,"Ochrobactrum","Ochrobactrum haematophilum","G003550135",0,""
"G003641165",-0.00684534506245994,0.0682284551985444,-0.100329767727263,0.920082525488544,0.979944608113658,FALSE,"Lactobacillus","Lactobacillus plantarum","G003641165",0,""
"G003862485",-0.0102898593859788,0.104283564710958,-0.0986719183842553,0.921398765914836,0.979944608113658,FALSE,"Lachnoanaerobaculum","Lachnoanaerobaculum orale","G003862485",0,""
"G004137235",0.017021497421499,0.0818796998281402,0.207884218643033,0.835319371690796,0.979944608113658,FALSE,"Nocardioides","Nocardioides ganghwensis","G004137235",0,""
"G005221305",-0.0136217323668071,0.126837974650596,-0.107394748334096,0.914475820634657,0.979944608113658,FALSE,"Neisseria","Neisseria subflava","G005221305",0,""
"G006364295",-0.0120400595571608,0.140512250665887,-0.0856869027440881,0.931715313929091,0.979944608113658,FALSE,"Klebsiella","Klebsiella pneumoniae","G006364295",0,""
"G008693785",0.0140766454028886,0.139013892531476,0.101260709606425,0.919343505019789,0.979944608113658,FALSE,"Roseomonas","Roseomonas mucosa","G008693785",0,""
"G009648915",-0.0175141817691311,0.140328198464243,-0.124808712438462,0.900674989801175,0.979944608113658,FALSE,"Enterobacter","Enterobacter cancerogenus","G009648915",0,""
"G900460955",-0.00331320780899827,0.0605066802918497,-0.0547577191975704,0.956331485026582,0.979944608113658,FALSE,"Cardiobacterium","Cardiobacterium valvarum","G900460955",0,""
"G900626055",-0.00612861581703418,0.0807590027712546,-0.0758877104314071,0.939508434319089,0.979944608113658,FALSE,"Pseudomonas","Pseudomonas oleovorans","G900626055",0,""
"G900637655",-0.0124679541053158,0.180434711008488,-0.0690995321001695,0.94491039346992,0.979944608113658,FALSE,"Prevotella","Prevotella oris","G900637655",0,""
"G900637975",0.0123469952707575,0.161680619966047,0.0763665754952594,0.939127460818375,0.979944608113658,FALSE,"Actinomyces","Actinomyces viscosus","G900637975",0,""
"G007990635",-0.00555705962290236,0.112371570416066,-0.0494525403741075,0.960558658184738,0.9802422372459,FALSE,"Leptotrichia","Leptotrichia hongkongensis","G007990635",0,""
"G000423485",0.000385480002858957,0.0522125671164079,0.00738289695658,0.994109354018133,0.998137352081638,FALSE,"Propionimicrobium","Propionimicrobium lymphophilum","G000423485",0,""
"G000772935",0.00124715407381262,0.0664209920186916,0.018776504775202,0.985019396992268,0.998137352081638,FALSE,"Lysinibacillus","Lysinibacillus boronitolerans","G000772935",0,""
"G008693165",0.0012934377993171,0.175773125013219,0.00735856405363348,0.994128768338338,0.998137352081638,FALSE,"Actinomyces","Actinomyces johnsonii","G008693165",0,""
"G009730295",0.00403366403257705,0.245471855381348,0.0164322872221364,0.986889521744796,0.998137352081638,FALSE,"Gemella","Gemella sanguinis","G009730295",0,""
"G000012845",0.000245881551214194,0.137661351806323,0.00178613349344504,0.998574872419805,0.998574872419805,FALSE,"Parabacteroides","Parabacteroides distasonis","G000012845",0,""
