"","beta","se","W","p_val","q_val","diff_abn","genus","species","OGUs","diff_name_flag","diff_label","origin"
"G003290485",1.21272894661631,0.180022635554605,6.73653589661205,1.62207233969729e-11,2.48177067973686e-09,TRUE,"Malassezia","Malassezia_restricta","G003290485",1,"G003290485
(Malassezia)","Shared with WIS"
"G000230375",0.450481006898761,0.0785533510988171,5.73471405862842,9.7676992264879e-09,7.47228990826324e-07,TRUE,"Leptosphaeria","Leptosphaeria_maculans","G000230375",1,"G000230375
(Leptosphaeria)","In HMP gut mycobiome data"
"G000439145",0.270311913410392,0.0566473640933117,4.77183568444815,1.82554411510227e-06,9.31027498702159e-05,TRUE,"Rhizophagus","Rhizophagus_irregularis","G000439145",1,"G000439145
(Rhizophagus)","In HMP gut mycobiome data"
"G004337985",0.44724021837389,0.0983768461398089,4.54619390560958,5.4624715075565e-06,0.000208939535164036,TRUE,"Pyricularia","Pyricularia_pennisetigena","G004337985",1,"","Unknown human association but
not predicted contaminant"
"G000181695",0.448762172307064,0.11192166282069,4.00960958760973,6.08192219922669e-05,0.00186106819296337,TRUE,"Malassezia","Malassezia_globosa","G000181695",1,"","Shared with WIS"
"G000150735",0.159763260073762,0.0453859960019982,3.52010034255343,0.000431383565823596,0.0110002809285017,TRUE,"Paracoccidioides","Paracoccidioides_brasiliensis","G000150735",1,"","In HMP gut mycobiome data"
"G000182925",0.186114298356523,0.0555114593836694,3.35271852736185,0.000800220419813817,0.0174905320330734,TRUE,"Neurospora","Neurospora_crassa","G000182925",1,"","In HMP gut mycobiome data"
"G009193645",0.236628871242688,0.0716898913994409,3.3007285493605,0.000964341346805361,0.0184430282576525,TRUE,"Aspergillus","Aspergillus_pseudonomius","G009193645",1,"","Known human association"
"G000747765",0.424710589794681,0.130956362449581,3.24314589875842,0.00118217657479585,0.0200970017715295,TRUE,"Moesziomyces","Moesziomyces_antarcticus","G000747765",1,"","In HMP gut mycobiome data"
"G000149645",0.245782664609578,0.0775212534225688,3.17051974469267,0.00152166490961716,0.0232814731171425,TRUE,"Aspergillus","Aspergillus_fischeri","G000149645",1,"","In HMP gut mycobiome data"
"G000313485",0.28490864082146,0.0949694866764882,3.00000190368508,0.00269977918962094,0.0375514741829094,TRUE,"Wickerhamomyces","Wickerhamomyces_ciferrii","G000313485",1,"","In HMP gut mycobiome data"
"G000814965",0.14623284537942,0.0497823223839904,2.9374452290809,0.00330928621549772,0.0421933992475959,TRUE,"Metarhizium","Metarhizium_brunneum","G000814965",1,"","Known human association"
"G009193445",0.190160561949065,0.069878375609687,2.72130770485031,0.00650242038851906,0.0765284861110321,FALSE,"Aspergillus","Aspergillus_pseudotamarii","G009193445",0,"","Known human association"
"G000149335",0.0745624666102978,0.027865381079348,2.67581004537413,0.0074548884180089,0.0814712805682401,FALSE,"Coccidioides","Coccidioides_immitis","G000149335",0,"","Known human association"
"G000150705",0.104311485628967,0.0409826262199575,2.54526113258622,0.0109196044518545,0.0982764400666902,FALSE,"Paracoccidioides","Paracoccidioides_lutzii","G000150705",0,"","In HMP gut mycobiome data"
"G000184455",0.122147979970678,0.0479864150191487,2.54547000274839,0.0109130739842717,0.0982764400666902,FALSE,"Aspergillus","Aspergillus_oryzae","G000184455",0,"","In HMP gut mycobiome data"
"G003184925",0.0992452686497496,0.0387861177922014,2.55878325284993,0.0105039209439846,0.0982764400666902,FALSE,"Aspergillus","Aspergillus_vadensis","G003184925",0,"","Unknown human association but
not predicted contaminant"
"G003184755",0.111328121542425,0.044678112115203,2.49178213384138,0.0127103975453606,0.108038379135565,FALSE,"Aspergillus","Aspergillus_piperis","G003184755",0,"","Known human association"
"G000315875",0.140146675013528,0.0601918902469503,2.32833151506865,0.0198945070967972,0.160203136095261,FALSE,"Candida","Candida_orthopsilosis","G000315875",0,"","Shared with WIS"
"G000151425",0.060699522999099,0.0267007590515103,2.27332574635797,0.0230065571234984,0.167619201899774,FALSE,"Trichophyton","Trichophyton_rubrum","G000151425",0,"","In HMP gut mycobiome data"
"G000836115",-0.0830856179312164,0.0364625819188324,-2.2786542685367,0.0226876252396996,0.167619201899774,FALSE,"Exophiala","Exophiala_spinifera","G000836115",0,"","In HMP gut mycobiome data"
"G000143535",0.188290983391433,0.0842087380532916,2.23600291067505,0.0253515804970849,0.176308718911545,FALSE,"Botrytis","Botrytis_cinerea","G000143535",0,"","In HMP gut mycobiome data"
"G003025105",0.0688088251612623,0.0311551136800571,2.20858847982019,0.0272032773649069,0.18096093203612,FALSE,"Trichoderma","Trichoderma_asperellum","G003025105",0,"","Known human association"
"G000523455",-0.0562901962563845,0.0260883184152713,-2.1576782129213,0.0309528590158786,0.189431497177177,FALSE,"Bipolaris","Bipolaris_oryzae","G000523455",0,"","In HMP gut mycobiome data"
"G000585585",-0.0562901962563845,0.0259061833668553,-2.17284790504505,0.0297917664225441,0.189431497177177,FALSE,"Capronia","Capronia_coronata","G000585585",0,"","In HMP gut mycobiome data"
"G000264995",-0.0562901962563845,0.0268790866657975,-2.09420048219166,0.0362421248468851,0.213270965445132,FALSE,"Punctularia","Punctularia_strigosozonata","G000264995",0,"","Known human association"
"G000403515",-0.0661795891370714,0.0321538002328726,-2.05821982651408,0.0395690362261491,0.216824829689208,FALSE,"Pseudozyma","Pseudozyma_hubeiensis","G000403515",0,"","Shared with WIS"
"G003344945",0.117487004770347,0.0571140117916711,2.05706097479008,0.0396803609888747,0.216824829689208,FALSE,"Aspergillus","Aspergillus_welwitschiae","G003344945",0,"","Known human association"
"G000006275",0.253947268903193,0.126969808850643,2.00006026000965,0.0454937572961318,0.240018788493385,FALSE,"Aspergillus","Aspergillus_flavus","G000006275",0,"","In HMP gut mycobiome data"
"G000001985",-0.0393841674622395,0.0213986717202675,-1.84049589512312,0.0656954663654541,0.299196339981628,FALSE,"Talaromyces","Talaromyces_marneffei","G000001985",0,"","Known human association"
"G000149585",0.1188227120968,0.0634366100273314,1.87309366067332,0.0610554526048918,0.299196339981628,FALSE,"Histoplasma","Histoplasma_capsulatum","G000149585",0,"","Known human association"
"G000182805",0.146945375972386,0.0800740359360083,1.83511889034566,0.0664880755514729,0.299196339981628,FALSE,"Sordaria","Sordaria_macrospora","G000182805",0,"","In HMP gut mycobiome data"
"G000497045",-0.0393841674622395,0.0213986717202675,-1.84049589512312,0.0656954663654541,0.299196339981628,FALSE,"Kalmanozyma","Kalmanozyma_brasiliensis","G000497045",0,"","In HMP gut mycobiome data"
"G008704595",0.114776448504258,0.0618535459689461,1.85561630632918,0.0635082677667497,0.299196339981628,FALSE,"Diutina","Diutina_rugosa","G008704595",0,"","Known human association"
"G000271645",0.0688088251612623,0.0382713696620464,1.79791906505765,0.0721898344221044,0.315572704759485,FALSE,"Tremella","Tremella_mesenterica","G000271645",0,"","In HMP gut mycobiome data"
"G003184845",-0.0393841674622395,0.0223921314526842,-1.75883959709063,0.0786047570518242,0.334070217470253,FALSE,"Aspergillus","Aspergillus_ibericus","G003184845",0,"","Unknown human association but
not predicted contaminant"
"G009176365",0.0468365793879001,0.0269840279739076,1.73571489894648,0.0826142577838381,0.34162112002506,FALSE,"Aspergillus","Aspergillus_alliaceus","G009176365",0,"","Known human association"
"G000002855",0.160085242882608,0.095644006111137,1.6737613719002,0.094177506808961,0.354882993203738,FALSE,"Aspergillus","Aspergillus_niger","G000002855",0,"","In HMP gut mycobiome data"
"G000143185",-0.0393841674622395,0.0233040383695784,-1.69001470207208,0.0910251419718175,0.354882993203738,FALSE,"Schizophyllum","Schizophyllum_commune","G000143185",0,"","Shared with WIS"
"G000365165",0.0468365793879001,0.0278533500315243,1.68154205274736,0.0926576753639189,0.354882993203738,FALSE,"Cladophialophora","Cladophialophora_carrionii","G000365165",0,"","In HMP gut mycobiome data"
"G001638985",0.0843623716518756,0.0507671881025067,1.66174993741105,0.0965629238390447,0.354882993203738,FALSE,"Phycomyces","Phycomyces_blakesleeanus","G001638985",0,"","In HMP gut mycobiome data"
"G003013735",0.0715193814273518,0.0431490037420316,1.65749786147865,0.0974188608794575,0.354882993203738,FALSE,"Clavispora","Candida_pseudohaemulonis","G003013735",0,"","Known human association"
"G000213175",0.0786087302028401,0.0495950853864913,1.58501048219289,0.112963952684607,0.401941506063835,FALSE,"Neurospora","Neurospora_tetrasperma","G000213175",0,"","In HMP gut mycobiome data"
"G000721755",-0.0492735603429264,0.0315488763488134,-1.56181664913019,0.118331188469595,0.409517653831782,FALSE,"Aureobasidium","Aureobasidium_subglaciale","G000721755",0,"","In HMP gut mycobiome data"
"G001661255",0.103574240846804,0.0671776163263492,1.54179690365373,0.12312295474681,0.409517653831782,FALSE,"Wickerhamomyces","Wickerhamomyces_anomalus","G001661255",0,"","Shared with WIS"
"G001890805",0.0519027963671173,0.0335038039488842,1.54916129661885,0.121342950793077,0.409517653831782,FALSE,"Aspergillus","Aspergillus_glaucus","G001890805",0,"","Known human association"
"G000003855",0.0836749471820573,0.0553091888029774,1.51285797157728,0.13031573958085,0.42421932246532,FALSE,"Blastomyces","Blastomyces_gilchristii","G000003855",0,"","Known human association"
"G001792695",-0.0424272526451856,0.0293097804531781,-1.44754590410401,0.147744089550237,0.47093428544138,FALSE,"Aspergillus","Aspergillus_bombycis","G001792695",0,"","Unknown human association but
not predicted contaminant"
"G000151125",0.0329736357767012,0.023697569865076,1.39143532288075,0.164093459556384,0.512373455349526,FALSE,"Trichophyton","Trichophyton_benhamiae","G000151125",0,"","Known human association"
"G003426965",0.0437934942049539,0.031833635665535,1.37569879435315,0.168914905375482,0.516879610448974,FALSE,"Aspergillus","Aspergillus_tanneri","G003426965",0,"","Known human association"
"G001278385",0.0491922401010277,0.0399685770120598,1.23077286654926,0.218407826416672,0.655223479250017,FALSE,"Malassezia","Malassezia_pachydermatis","G001278385",0,"","In HMP gut mycobiome data"
"G001661235",0.0329736357767012,0.0272159593784771,1.21155515108453,0.225682711176281,0.664027977114827,FALSE,"Pichia","Pichia_membranifaciens","G001661235",0,"","In HMP gut mycobiome data"
"G000223485",0.0845776367712942,0.0713200557195184,1.18588854029944,0.235666319337378,0.680319752049413,FALSE,"Spathaspora","Spathaspora_passalidarum","G000223485",0,"","In HMP gut mycobiome data"
"G000320565",0.0644132576747845,0.0549811785169876,1.17155105460103,0.241377348733114,0.682437606004249,FALSE,"Sphaerulina","Sphaerulina_musiva","G000320565",0,"","In HMP gut mycobiome data"
"G000836295",-0.0255212238510406,0.0219671542373431,-1.16179016978247,0.245320708040743,0.682437606004249,FALSE,"Verruconis","Verruconis_gallopava","G000836295",0,"","In HMP gut mycobiome data"
"G000143365",0.0533225822104554,0.046896074555212,1.13703721934503,0.255522726781124,0.689033138471839,FALSE,"Chaetomium","Chaetomium_globosum","G000143365",0,"","In HMP gut mycobiome data"
"G000835455",-0.0255212238510406,0.0225009501349762,-1.1342287191406,0.256698620214999,0.689033138471839,FALSE,"Fonsecaea","Fonsecaea_pedrosoi","G000835455",0,"","Known human association"
"G001642475",-0.0384537019146736,0.0366426950298928,-1.04942340849393,0.293983289180134,0.76236344482306,FALSE,"Fonsecaea","Fonsecaea_monophora","G001642475",0,"","Known human association"
"G001672515",0.049790176731737,0.0474341308993683,1.04966984295269,0.29386993348057,0.76236344482306,FALSE,"Colletotrichum","Colletotrichum_higginsianum","G001672515",0,"","In HMP gut mycobiome data"
"G000149925",0.111924474577105,0.107988713089964,1.03644604491085,0.299994098595621,0.764984951418834,FALSE,"Puccinia","Puccinia_graminis","G000149925",0,"","In HMP gut mycobiome data"
"G000281105",-0.0255212238510406,0.0251533353824169,-1.01462583244053,0.310284220639661,0.778253864883085,FALSE,"Bonordeniella","Coniosporium_apollinis","G000281105",0,"","Shared with WIS"
"G000182965",-0.0414967870976197,0.0415578256264755,-0.998531238631097,0.31802182436164,0.784795792376305,FALSE,"Candida","Candida_albicans","G000182965",0,"","Shared with WIS"
"G000002545",0.0353292964898288,0.0359816786962069,0.98186904474674,0.326164367655413,0.792113464306002,FALSE,"Nakaseomyces","Candida_glabrata","G000002545",0,"","Shared with WIS"
"G000835495",0.0863031290996342,0.0889264057759342,0.970500588060313,0.33179703193336,0.793202279465689,FALSE,"Cladophialophora","Cladophialophora_immunda","G000835495",0,"","Known human association"
"G003184765",0.0299305505937551,0.0311989181212382,0.959345784922597,0.337384577370997,0.79415138981173,FALSE,"Aspergillus","Aspergillus_aculeatinus","G003184765",0,"","Known human association"
"G000142805",-0.0285643090339867,0.0306244890535951,-0.932727693317497,0.350960582571166,0.813590441414977,FALSE,"Lachancea","Lachancea_thermotolerans","G000142805",0,"","In HMP gut mycobiome data"
"G000151335",0.0191106921655023,0.0215690936576684,0.886022030819449,0.375605655673155,0.832864714753518,FALSE,"Coccidioides","Coccidioides_posadasii","G000151335",0,"","Known human association"
"G002847465",-0.0316073942169328,0.0353019977962603,-0.895342932129498,0.370603796945602,0.832864714753518,FALSE,"Aspergillus","Aspergillus_novofumigatus","G002847465",0,"","Known human association"
"G003184745",-0.0285643090339867,0.0317460570792444,-0.899775016553539,0.368239992368202,0.832864714753518,FALSE,"Aspergillus","Aspergillus_uvarum","G003184745",0,"","Known human association"
"G000167675",0.0299305505937551,0.03471967942895,0.862062988081576,0.38865285718285,0.837519537309522,FALSE,"Trichoderma","Trichoderma_reesei","G000167675",0,"","In HMP gut mycobiome data"
"G000721765",0.0475689407614197,0.0548575550112745,0.86713563431041,0.385867698046476,0.837519537309522,FALSE,"Aureobasidium","Aureobasidium_namibiae","G000721765",0,"","Shared with WIS"
"G000002655",-0.064962632675677,0.0872721043238997,-0.744368812680123,0.456653381306786,0.842512577999359,FALSE,"Aspergillus","Aspergillus_fumigatus","G000002655",0,"","In HMP gut mycobiome data"
"G000002715",-0.00861519505689555,0.0205381136239343,-0.419473531729601,0.674870094617419,0.842512577999359,FALSE,"Aspergillus","Aspergillus_clavatus","G000002715",0,"","In HMP gut mycobiome data"
"G000006445",0.0214663528786299,0.0342400552135603,0.626936865163946,0.530700620908789,0.842512577999359,FALSE,"Debaryomyces","Debaryomyces_hansenii","G000006445",0,"","Shared with WIS"
"G000146045",0.126215057486923,0.183129700160127,0.689211293288647,0.490690310998402,0.842512577999359,FALSE,"Saccharomyces","Saccharomyces_cerevisiae","G000146045",0,"","Shared with WIS"
"G000146945",0.0464145626319343,0.0585579897793627,0.792625614486036,0.427995980574584,0.842512577999359,FALSE,"Sclerotinia","Sclerotinia_sclerotiorum","G000146945",0,"","In HMP gut mycobiome data"
"G000149555",-0.0215476731205286,0.0358206060910895,-0.601544068398348,0.547477669277744,0.842512577999359,FALSE,"Fusarium","Fusarium_verticillioides","G000149555",0,"","In HMP gut mycobiome data"
"G000149685",0.0397304556353328,0.052648753496939,0.754632408109011,0.450469572760302,0.842512577999359,FALSE,"Lodderomyces","Lodderomyces_elongisporus","G000149685",0,"","In HMP gut mycobiome data"
"G000149955",-0.053297636165757,0.126944042079429,-0.419851418725179,0.674593999470002,0.842512577999359,FALSE,"Fusarium","Fusarium_oxysporum","G000149955",0,"","Shared with WIS"
"G000150675",0.0133570507164667,0.0254424962156181,0.524989788866208,0.59959028939485,0.842512577999359,FALSE,"Verticillium","Verticillium_dahliae","G000150675",0,"","In HMP gut mycobiome data"
"G000171015",-0.00861519505689554,0.0207171361502574,-0.4158487444602,0.677520687606784,0.842512577999359,FALSE,"Trichoderma","Trichoderma_atroviride","G000171015",0,"","In HMP gut mycobiome data"
"G000182895",-0.00861519505689555,0.0183434406598212,-0.469660802281547,0.63859737690935,0.842512577999359,FALSE,"Coprinopsis","Coprinopsis_cinerea","G000182895",0,"","In HMP gut mycobiome data"
"G000185945",-0.00861519505689555,0.0181961790265498,-0.473461766029299,0.635883772451776,0.842512577999359,FALSE,"Cryptococcus","Cryptococcus_gattii_VGI","G000185945",0,"","Known human association"
"G000187425",0.0133570507164667,0.0278734828712639,0.479202788476681,0.631794370703027,0.842512577999359,FALSE,"Metarhizium","Metarhizium_robertsii","G000187425",0,"","Known human association"
"G000226095",0.0346642386561157,0.043936753553065,0.788957668760156,0.430136748235446,0.842512577999359,FALSE,"Thermothelomyces","Thermothelomyces_thermophilus","G000226095",0,"","Known human association"
"G000230625",-0.00861519505689555,0.0214775218737791,-0.40112612188343,0.68832726960732,0.842512577999359,FALSE,"Exophiala","Exophiala_dermatitidis","G000230625",0,"","In HMP gut mycobiome data"
"G000264905",-0.0116582802398416,0.0269702818710454,-0.432263937603028,0.665549594141906,0.842512577999359,FALSE,"Stereum","Stereum_hirsutum","G000264905",0,"","Shared with WIS"
"G000271585",0.0353292964898289,0.0419420332682068,0.842336285031977,0.399599746123744,0.842512577999359,FALSE,"Trametes","Trametes_versicolor","G000271585",0,"","In HMP gut mycobiome data"
"G000293215",-0.00861519505689555,0.0183488573399339,-0.46952215591898,0.638696451905992,0.842512577999359,FALSE,"Trichosporon","Trichosporon_asahii","G000293215",0,"","Shared with WIS"
"G000300575",-0.0273013145695642,0.0362135495685393,-0.753897778451477,0.450910604668544,0.842512577999359,FALSE,"Agaricus","Agaricus_bisporus","G000300575",0,"","Shared with WIS"
"G000303195",-0.00861519505689555,0.0209865523735632,-0.410510259310059,0.681431679195869,0.842512577999359,FALSE,"Fusarium","Fusarium_pseudograminearum","G000303195",0,"","In HMP gut mycobiome data"
"G000315915",-0.00861519505689555,0.0200047438645435,-0.43065760377793,0.66671734997631,0.842512577999359,FALSE,"Tetrapisispora","Tetrapisispora_blattae","G000315915",0,"","In HMP gut mycobiome data"
"G000320585",0.0133570507164667,0.0298096461203804,0.448078137611122,0.654096805545447,0.842512577999359,FALSE,"Heterobasidion","Heterobasidion_irregulare","G000320585",0,"","In HMP gut mycobiome data"
"G000349305",-0.0273013145695642,0.0349206295853505,-0.781810491212259,0.434325954521615,0.842512577999359,FALSE,"Malassezia","Malassezia_sympodialis","G000349305",0,"","Shared with WIS"
"G000516985",-0.00861519505689554,0.0194579715613145,-0.442759155534173,0.657939949474645,0.842512577999359,FALSE,"Pestalotiopsis","Pestalotiopsis_fici","G000516985",0,"","In HMP gut mycobiome data"
"G000527765",0.0160676069825562,0.0313260444580225,0.512915283769295,0.608010581791409,0.842512577999359,FALSE,"Bipolaris","Bipolaris_victoriae","G000527765",0,"","In HMP gut mycobiome data"
"G000585515",-0.00861519505689555,0.0201025999479077,-0.428561234826355,0.668242561567785,0.842512577999359,FALSE,"Cladophialophora","Cladophialophora_yegresii","G000585515",0,"","In HMP gut mycobiome data"
"G000585535",-0.00861519505689555,0.0183434406598212,-0.469660802281547,0.63859737690935,0.842512577999359,FALSE,"Cladophialophora","Cladophialophora_psammophila","G000585535",0,"","Unknown human association but
not predicted contaminant"
"G000711695",-0.00861519505689554,0.0194394144463945,-0.443181819115619,0.657634228217656,0.842512577999359,FALSE,"Tilletiaria","Tilletiaria_anomala","G000711695",0,"","In HMP gut mycobiome data"
"G000721785",-0.0116582802398416,0.0287365702757986,-0.40569490819369,0.684966784000593,0.842512577999359,FALSE,"Aureobasidium","Aureobasidium_pullulans","G000721785",0,"","Shared with WIS"
"G000732125",-0.00861519505689555,0.0183488573399339,-0.46952215591898,0.638696451905992,0.842512577999359,FALSE,"Scedosporium","Scedosporium_apiospermum","G000732125",0,"","In HMP gut mycobiome data"
"G000835475",-0.00861519505689555,0.0185364006627517,-0.464771732853591,0.642094932538419,0.842512577999359,FALSE,"Cladophialophora","Cladophialophora_bantiana","G000835475",0,"","Known human association"
"G000835515",-0.0303443997525103,0.0414011722091119,-0.732935763249522,0.463597609267916,0.842512577999359,FALSE,"Exophiala","Exophiala_oligosperma","G000835515",0,"","In HMP gut mycobiome data"
"G001204775",-0.00861519505689555,0.0181961790265498,-0.473461766029299,0.635883772451776,0.842512577999359,FALSE,"Aspergillus","Aspergillus_nomiae","G001204775",0,"","Known human association"
"G001329695",0.0211338239617734,0.0393443367778863,0.537150342146617,0.591163769256373,0.842512577999359,FALSE,"Rhodotorula","Rhodotorula_graminis","G001329695",0,"","Shared with WIS"
"G001642055",0.0464321244094282,0.0826589713952471,0.56173121472085,0.574299163526933,0.842512577999359,FALSE,"Alternaria","Alternaria_alternata","G001642055",0,"","Shared with WIS"
"G001651985",-0.00861519505689555,0.0181961790265498,-0.473461766029299,0.635883772451776,0.842512577999359,FALSE,"Fonsecaea","Fonsecaea_erecta","G001651985",0,"","In HMP gut mycobiome data"
"G001661395",0.0241769091447194,0.0333712260673205,0.724483694304394,0.468768834110759,0.842512577999359,FALSE,"Hyphopichia","Hyphopichia_burtonii","G001661395",0,"","Shared with WIS"
"G001661405",0.115240137902514,0.18485850176761,0.623396472440231,0.533024015511805,0.842512577999359,FALSE,"Cyberlindnera","Cyberlindnera_jadinii","G001661405",0,"","Shared with WIS"
"G001720205",0.0541426200167574,0.118451834732422,0.457085533027525,0.647609568252906,0.842512577999359,FALSE,"Cryptococcus","Cryptococcus_amylolentus","G001720205",0,"","Unknown human association but
not predicted contaminant"
"G001890905",-0.00861519505689554,0.0199277164046084,-0.432322243149908,0.665507223012427,0.842512577999359,FALSE,"Aspergillus","Aspergillus_aculeatus","G001890905",0,"","In HMP gut mycobiome data"
"G001907595",-0.00861519505689555,0.0183434406598212,-0.469660802281547,0.63859737690935,0.842512577999359,FALSE,"Talaromyces","Talaromyces_atroroseus","G001907595",0,"","Known human association"
"G002102565",-0.00861519505689554,0.0194394144463945,-0.443181819115619,0.657634228217656,0.842512577999359,FALSE,"Kockovaella","Kockovaella_imperatae","G002102565",0,"","Unknown human association but
not predicted contaminant"
"G002237265",0.0241769091447195,0.032322056912446,0.748000327151515,0.454459960212101,0.842512577999359,FALSE,"Aspergillus","Aspergillus_thermomutatus","G002237265",0,"","Known human association"
"G002775015",0.026887465410809,0.0342920584082739,0.784072658768179,0.432997477407646,0.842512577999359,FALSE,"Clavispora","Candida_auris","G002775015",0,"","In HMP gut mycobiome data"
"G002847045",-0.0116582802398416,0.0269987739522566,-0.431807765065836,0.665881135400061,0.842512577999359,FALSE,"Aspergillus","Aspergillus_candidus","G002847045",0,"","Known human association"
"G002849105",0.0160676069825562,0.0286835554830148,0.560167898016364,0.575364921259459,0.842512577999359,FALSE,"Aspergillus","Aspergillus_steynii","G002849105",0,"","Unknown human association but
not predicted contaminant"
"G003025095",-0.00861519505689555,0.0191703034093837,-0.449403166601864,0.653140847410217,0.842512577999359,FALSE,"Trichoderma","Trichoderma_harzianum","G003025095",0,"","Known human association"
"G003144135",0.0223968184261958,0.0488224290830217,0.458740354522517,0.64642063132479,0.842512577999359,FALSE,"Pseudomicrostroma","Pseudomicrostroma_glucosiphilum","G003144135",0,"","Unknown human association but
not predicted contaminant"
"G003184865",-0.00861519505689555,0.0185364006627517,-0.464771732853591,0.642094932538419,0.842512577999359,FALSE,"Aspergillus","Aspergillus_homomorphus","G003184865",0,"","Unknown human association but
not predicted contaminant"
"G004154835",0.0484994063089856,0.0670549769586061,0.72327824881552,0.46950895331938,0.842512577999359,FALSE,"Alternaria","Alternaria_arborescens","G004154835",0,"","Known human association"
"G005498985",0.0191106921655023,0.0257571846916068,0.74195578415562,0.458114125526812,0.842512577999359,FALSE,"Sporisorium","Sporisorium_graminicola","G005498985",0,"","Shared with WIS"
"G900007375",-0.00861519505689555,0.0209865523735632,-0.410510259310059,0.681431679195869,0.842512577999359,FALSE,"Fusarium","Fusarium_venenatum","G900007375",0,"","Unknown human association but
not predicted contaminant"
"G900067095",0.0353083083571851,0.0646973875016642,0.545745504117564,0.585240888005427,0.842512577999359,FALSE,"Fusarium","Fusarium_proliferatum","G900067095",0,"","In HMP gut mycobiome data"
"G900079805",-0.00861519505689555,0.0181364666739054,-0.475020587625871,0.634772299220199,0.842512577999359,FALSE,"Fusarium","Fusarium_fujikuroi","G900079805",0,"","In HMP gut mycobiome data"
"G000149035",-0.0187644039924089,0.0499565817173213,-0.375614250362185,0.707203695040392,0.858747343977619,FALSE,"Colletotrichum","Colletotrichum_graminicola","G000149035",0,"","Known human association"
"G000315645",-0.0134383709583653,0.0394397451485366,-0.340731688497331,0.733305580690385,0.883431132642747,FALSE,"Penicillium","Penicillium_digitatum","G000315645",0,"","In HMP gut mycobiome data"
"G000003125",0.00524774855430334,0.0236158405728451,0.222213075080525,0.824148016112333,0.912083902333573,FALSE,"Talaromyces","Talaromyces_stipitatus","G000003125",0,"","In HMP gut mycobiome data"
"G000003835",-0.0367771054452906,0.123777042546265,-0.297123801706154,0.766371993346953,0.912083902333573,FALSE,"Clavispora","Clavispora_lusitaniae","G000003835",0,"","In HMP gut mycobiome data"
"G000006335",0.0337699578235561,0.154020457450479,0.219256314275095,0.826450390066824,0.912083902333573,FALSE,"Candida","Candida_tropicalis","G000006335",0,"","Shared with WIS"
"G000026945",0.00524774855430336,0.0221993145123353,0.23639236929534,0.813128216847282,0.912083902333573,FALSE,"Candida","Candida_dubliniensis","G000026945",0,"","In HMP gut mycobiome data"
"G000417875",0.00524774855430334,0.0242429339420081,0.216465076663434,0.828625244603704,0.912083902333573,FALSE,"Anthracocystis","Anthracocystis_flocculosa","G000417875",0,"","In HMP gut mycobiome data"
"G000523435",0.00524774855430334,0.0227933628152527,0.230231431703956,0.817911938838701,0.912083902333573,FALSE,"Bipolaris","Bipolaris_zeicola","G000523435",0,"","Shared with WIS"
"G000769745",0.0190611327399922,0.0673654346460451,0.282951232188201,0.777214220956017,0.912083902333573,FALSE,"Penicillium","Penicillium_expansum","G000769745",0,"","Shared with WIS"
"G003054445",0.00524774855430336,0.0228778188602804,0.229381506443095,0.818572408724213,0.912083902333573,FALSE,"Pichia","Pichia_kudriavzevii","G003054445",0,"","Known human association"
"G003144115",0.00524774855430335,0.0214282906665806,0.244898141245009,0.8065353009484,0.912083902333573,FALSE,"Tilletiopsis","Tilletiopsis_washingtonensis","G003144115",0,"","Shared with WIS"
"G003184785",0.00524774855430334,0.0225467684189509,0.232749476855962,0.815955947097591,0.912083902333573,FALSE,"Aspergillus","Aspergillus_japonicus","G003184785",0,"","Known human association"
"G009193585",0.00524774855430335,0.0221968776474431,0.236418321425845,0.81310808065896,0.912083902333573,FALSE,"Aspergillus","Aspergillus_caelatus","G009193585",0,"","Known human association"
"G010724455",0.00524774855430334,0.0191687409594446,0.273765948708162,0.784264493208645,0.912083902333573,FALSE,"Aspergillus","Aspergillus_lentulus","G010724455",0,"","Known human association"
"G002847485",0.0131335241028405,0.0858480265978658,0.152985742635195,0.878409518662854,0.959976116824405,FALSE,"Aspergillus","Aspergillus_campestris","G002847485",0,"","In HMP gut mycobiome data"
"G000221225",0.00220466337135726,0.0290124507913353,0.0759902494006364,0.93942685561925,0.979368923962153,FALSE,"Chaetomium","Chaetomium_thermophilum","G000221225",0,"","Unknown human association but
not predicted contaminant"
"G000225545",0.00220466337135725,0.0279129349778586,0.0789835742141074,0.93704568812103,0.979368923962153,FALSE,"Arthrobotrys","Arthrobotrys_oligospora","G000225545",0,"","In HMP gut mycobiome data"
"G000226545",0.00220466337135725,0.0278557374548996,0.0791457549787277,0.936916690420376,0.979368923962153,FALSE,"Podospora","Podospora_anserina","G000226545",0,"","In HMP gut mycobiome data"
"G001619985",0.00220466337135725,0.0284957622603888,0.0773681135886612,0.938330706397268,0.979368923962153,FALSE,"Xylona","Xylona_heveae","G001619985",0,"","In HMP gut mycobiome data"
"G001646965",0.00220466337135726,0.0280365191248852,0.0786354169551813,0.937322616093504,0.979368923962153,FALSE,"Fonsecaea","Fonsecaea_nubica","G001646965",0,"","Known human association"
"G003184695",0.00220466337135725,0.0281340786474168,0.0783627357763031,0.937539514888354,0.979368923962153,FALSE,"Aspergillus","Aspergillus_brunneoviolaceus","G003184695",0,"","Known human association"
"G004022145",0.00220466337135725,0.0297684379289339,0.0740604319454194,0.940962299493049,0.979368923962153,FALSE,"Byssochlamys","Byssochlamys_spectabilis","G004022145",0,"","Shared with WIS"
"G000002525",-0.000505892894732265,0.0238463247682608,-0.0212147112667694,0.983074379029916,0.985000915460683,FALSE,"Yarrowia","Yarrowia_lipolytica","G000002525",0,"","In HMP gut mycobiome data"
"G000149985",-0.000505892894732261,0.0269096659751826,-0.0187996720285871,0.985000915460683,0.985000915460683,FALSE,"Pyrenophora","Pyrenophora_tritici-repentis","G000149985",0,"","Shared with WIS"
"G000240135",-0.000505892894732268,0.0259475481532323,-0.0194967513595017,0.984444828591234,0.985000915460683,FALSE,"Fusarium","Fusarium_graminearum","G000240135",0,"","In HMP gut mycobiome data"
"G000243375",-0.000505892894732272,0.0258608930447787,-0.0195620813966597,0.984392712702636,0.985000915460683,FALSE,"Torulaspora","Torulaspora_delbrueckii","G000243375",0,"","Shared with WIS"
"G001661345",-0.000505892894732265,0.0238463247682608,-0.0212147112667694,0.983074379029916,0.985000915460683,FALSE,"Ascoidea","Ascoidea_rubescens","G001661345",0,"","In HMP gut mycobiome data"
"G900074925",-0.000505892894732265,0.0238463247682608,-0.0212147112667694,0.983074379029916,0.985000915460683,FALSE,"Ramularia","Ramularia_collo-cygni","G900074925",0,"","Shared with WIS"
